"Variable / Field Name","Form Name","Section Header","Field Type","Field Label","Choices, Calculations, OR Slider Labels","Field Note","Text Validation Type OR Show Slider Number","Text Validation Min","Text Validation Max",Identifier?,"Branching Logic (Show field only if...)","Required Field?","Custom Alignment","Question Number (surveys only)","Matrix Group Name","Matrix Ranking?","Field Annotation"
fll_id,fall,,text,Fall-ID,,,,,,,,,,,,,
mdana_studienphase,fall,,dropdown,Studienphase,"1, Usual Care (UC) | 2, Interventional Care (IC) | 3, Pilotphase (P)",,,,,,,,,,,,
fll_sttn,fall,,dropdown,Station,"1, Station 1 | 2, Station 2 | 3, Station 3","ID / Name",,,,,,,,,,,
fll_aufndat,fall,,text,Aufnahmedatum,,,date_ymd,,,,,,,,,,
fall_schon_analysiert,fall,,dropdown,"Fall schon analysiert?","1, Ja | 2, Nein",,,,,,,,,,,,
fll_aufndiag,fall,,text,"Diagnose(n) bei Aufnahme",,,,,,,,,,,,,
fll_schwng_mo,fall,,dropdown,"<div class=""rich-text-field-label""><p><span style=""color: rgb(0, 0, 0);"">Schwangreschaftsmonat</span></p></div>","0, keine Schwangerschaft | 1, 1 | 2, 2 | 3, 3 | 4, 4 | 5, 5 | 6, 6 | 7, 7 | 8, 8 | 9, 9",,,,,,"[pat_gschlcht] = '2'",,,,,,
fall_opdat,fall,,text,Operationsdatum,,,date_ymd,,,,,,,,,,
fll_schliess,fall,,dropdown,"<div class=""rich-text-field-label""><p><span style=""color: #e03e2d;""><span style=""color: #000000;"">Fallstatus:</span><br></span></p></div>","1, aktuell / neu | 2, nicht relevant | 3, verlegt",,,,,,,,,,,," @DEFAULT='1'"
fll_entdat,fall,,text,Entlassdatum,,,date_ymd,,,,,,,,,,
