﻿"Variable / Field Name","Form Name","Section Header","Field Type","Field Label","Choices, Calculations, OR Slider Labels","Field Note","Text Validation Type OR Show Slider Number","Text Validation Min","Text Validation Max",Identifier?,"Branching Logic (Show field only if...)","Required Field?","Custom Alignment","Question Number (surveys only)","Matrix Group Name","Matrix Ranking?","Field Annotation"
record_id,patient,,text,"Record ID",,,,,,,,,,,,,
pat_id,patient,,text,Patient-identifier,,,,,,,,,,,,,
pat_name,patient,,text,Patientenname,,,,,,y,,,,,,,
pat_vorname,patient,,text,Patientenvorname,,,,,,y,,,,,,,
pat_ak_alter,patient,,text,"<div class=""rich-text-field-label""><p>aktuelles Patientenalter (Jahre)</p></div>",,,number,,,,,,,,,,
pat_gschlcht,patient,,dropdown,Geschlecht,"1, nicht bekannt | 2, weiblich | 3, männlich | 4, divers",,,,,,,,RH,,,,
pat_groes,patient,,text,"Größe (cm)",,,number,100,230,,,,,,,,
pat_ak_g,patient,,text,"aktuelles Gewicht (Kg)",,,number,30,500,,,,,,,,
pat_nie_insuf,patient,,radio,Niereninsuffizienz,"1, nicht bekannt | 2, nein | 3, ja",,,,,,,,RH,,,,
pat_asmss_ni_insuf,patient,,dropdown,"aktueller Ausmaß","1, Ausmaß unbekannt | 2, 45-59 ml/min/1,73m3 | 3, 30-44 ml/min/1,73m3 | 4, 15-29 ml/min/1,73m3 | 5, < 15 ml/min/1,73m3 | 6, Hämodialyse | 7, Kont. Hämofiltration | 8, Peritonealdialyse",,,,,,"[pat_nie_insuf] = '3'",,RH,,,,
pat_lebins,patient,,radio,Leberinsuffizienz,"1, nicht bekannt | 2, nein | 3, ja",,,,,,,,RH,,,,
pat_asmss_leb_insuf,patient,,dropdown,"aktueller Ausmaß","1, Ausmasß unbekannt | 2, Leicht | 3, Mittel | 4, Schwer",,,,,,"[pat_lebins] = '3'",,RH,,,,
