﻿"Variable / Field Name","Form Name","Section Header","Field Type","Field Label","Choices, Calculations, OR Slider Labels","Field Note","Text Validation Type OR Show Slider Number","Text Validation Min","Text Validation Max",Identifier?,"Branching Logic (Show field only if...)","Required Field?","Custom Alignment","Question Number (surveys only)","Matrix Group Name","Matrix Ranking?","Field Annotation"
mdana_dat,medikationsanalyse,,text,"Datum der Medikationsanalyse",,,date_ymd,,,,,,,,,,
mdana_typ,medikationsanalyse,,dropdown,"Typ der Medikationsanalyse","1, Typ 1: Einfache | 2, Typ 2a: Erweiterte | 3, Typ 2b: Erweiterte | 4, Typ 3: Umfassende Medikationsanalyse",,,,,,,,,,,," @DEFAULT=""2"""
mdana_stat,medikationsanalyse,,dropdown,"<div class=""rich-text-field-label""><p>Monitoring / Wiedervorlage & Begründung</p></div>","1, wiedervorlage | 2, Medikationsanalyse abgeschloßen",,,,,,,,,,,,
mdana_zeit,medikationsanalyse,,text,"Zeitaufwand (Minuten)",,,number,1,120,,,,,,,,
mdana_notiz,medikationsanalyse,,text,Notizfeld,,,,,,,,,,,,,
